Workbook

Sheet Produtos
A1: PRODUTO | B1: PRODUTO_NORMALIZADO
A2: Antipulgas Simparic 5 a 10kg Cães 20mg | B2: 3
A3: Antipulgas Simparic 10 a 20kg Cães 40mg | B3: 4
A4: Antipulgas Simparic 20 a 40kg Cães 80mg | B4: 5
A5: Antipulgas Simparic 10mg Para Cães 2,6 a 5kg | B5: 2
A6: Antipulgas Simparic 40 a 60kg Cães 120mg | B6: 6
A7: Antipulgas Simparic 5mg Para Cães 1,3 a 2,5kg | B7: 1
A8: Antipulgas Revolution 6% para Gatos de 2,6kg a 7,5kg | B8: 7
A9: Antipulgas Revolution 6% para Cães e Gatos até 2,5kg | B9: 8
A10: Antipulgas Revolution 12% para Cães de 2,6kg a 5kg | B10: 10
A11: Antipulgas Revolution 12% para Cães de 5,1kg a 10kg | B11: 9
A12: Antipulgas Revolution 12% para Cães de 10,1kg a 20kg | B12: 11
A13: Antipulgas Revolution 12% para Cães de 20,1kg a 40kg | B13: 12
... A355: Antipulgas Bravecto Transdermal 500mg para Gatos de 6,25 a 12,5kg - MSD Saúde Animal | B355: 33

Sheet dim_produtos
A1: Índice | B1: produto | C1: ID_Bula
A2: 1 | B2: Antipulgas Simparic 5 a 10kg Cães 20mg | C2: =_xlfn.XLOOKUP(dim_produto[[#This Row],[produto]],Produtos!$A:$A,Produtos!$B:$B) -> 3
A3: 2 | B3: Antipulgas Simparic 10 a 20kg Cães 40mg | C3: =_xlfn.XLOOKUP(dim_produto[[#This Row],[produto]],Produtos!$A:$A,Produtos!$B:$B) -> 4
A4: 3 | B4: Antipulgas Simparic 20 a 40kg Cães 80mg | C4: =_xlfn.XLOOKUP(dim_produto[[#This Row],[produto]],Produtos!$A:$A,Produtos!$B:$B) -> 5
A5: 4 | B5: Antipulgas Simparic 10mg Para Cães 2,6 a 5kg | C5: =_xlfn.XLOOKUP(dim_produto[[#This Row],[produto]],Produtos!$A:$A,Produtos!$B:$B) -> 2
A6: 5 | B6: Antipulgas Simparic 40 a 60kg Cães 120mg | C6: =_xlfn.XLOOKUP(dim_produto[[#This Row],[produto]],Produtos!$A:$A,Produtos!$B:$B) -> 6
A7: 6 | B7: Antipulgas Simparic 5mg Para Cães 1,3 a 2,5kg | C7: =_xlfn.XLOOKUP(dim_produto[[#This Row],[produto]],Produtos!$A:$A,Produtos!$B:$B) -> 1
A8: 7 | B8: Antipulgas Revolution 6% para Gatos de 2,6kg a 7,5kg | C8: =_xlfn.XLOOKUP(dim_produto[[#This Row],[produto]],Produtos!$A:$A,Produtos!$B:$B) -> 7
A9: 8 | B9: Antipulgas Revolution 6% para Cães e Gatos até 2,5kg | C9: =_xlfn.XLOOKUP(dim_produto[[#This Row],[produto]],Produtos!$A:$A,Produtos!$B:$B) -> 8
A10: 9 | B10: Antipulgas Revolution 12% para Cães de 2,6kg a 5kg | C10: =_xlfn.XLOOKUP(dim_produto[[#This Row],[produto]],Produtos!$A:$A,Produtos!$B:$B) -> 10
A11: 10 | B11: Antipulgas Revolution 12% para Cães de 5,1kg a 10kg | C11: =_xlfn.XLOOKUP(dim_produto[[#This Row],[produto]],Produtos!$A:$A,Produtos!$B:$B) -> 9
A12: 11 | B12: Antipulgas Revolution 12% para Cães de 10,1kg a 20kg | C12: =_xlfn.XLOOKUP(dim_produto[[#This Row],[produto]],Produtos!$A:$A,Produtos!$B:$B) -> 11
A13: 12 | B13: Antipulgas Revolution 12% para Cães de 20,1kg a 40kg | C13: =_xlfn.XLOOKUP(dim_produto[[#This Row],[produto]],Produtos!$A:$A,Produtos!$B:$B) -> 12
... A355: 354 | B355: Antipulgas Bravecto Transdermal 500mg para Gatos de 6,25 a 12,5kg - MSD Saúde Animal | C355: =_xlfn.XLOOKUP(dim_produto[[#This Row],[produto]],Produtos!$A:$A,Produtos!$B:$B) -> 33
